Image,Predicted_ICM
443_02.png,A
460_01.png,A
0058_02.png,A
804_01.png,A
637_02.png,A
672_01.png,A
624_04.png,A
629_08.png,A
420_08.png,A
655_01.png,A
275_02.png,B
772_01.png,C
0194_04.png,C
0080_02.png,B
0127_01.png,A
0138_01.png,A
0022_02.png,C
0096_01.png,C
351_02.png,B
0176_01.png,A
0027_01.png,B
0153_02.png,A
302_02.png,A
607_09.png,A
0126_06.png,C
523_04.png,A
427_01.png,A
784_02.png,B
287_02.png,C
835_09.png,A
319_04.png,A
329_03.png,B
569_03.png,C
0057_03.png,A
744_01.png,A
0163_01.png,A
709_01.png,A
0025_04.png,C
0186_01.png,A
858_09.png,A
763_02.png,A
629_03.png,B
569_02.png,C
829_01.png,A
708_02.png,C
529_01.png,A
710_05.png,A
803_02.png,A
409_05.png,A
508_01.png,C
492_01.png,A
357_03.png,A
562_02.png,A
0025_02.png,C
481_02.png,A
0023_02.png,B
214_04.png,A
854_01.png,A
652_03.png,A
239_01.png,C
597_01.png,B
616_03.png,B
494_01.png,A
789_02.png,B
0005_07.png,B
324_03.png,B
296_02.png,A
0052_03.png,A
0028_02.png,A
262_02.png,A
856_01.png,A
465_01.png,A
481_03.png,A
0090_02.png,A
553_04.png,C
702_01.png,C
636_02.png,A
252_02.png,A
326_02.png,A
644_03.png,A
313_03.png,A
0018_03.png,A
0127_02.png,B
0151_05.png,B
293_05.png,C
248_01.png,B
0074_03.png,A
632_04.png,A
0116_04.png,A
406_05.png,A
0179_01.png,A
441_02.png,A
719_01.png,A
0084_02.png,A
786_01.png,B
732_01.png,A
643_03.png,A
0083_03.png,B
0092_02.png,A
0084_01.png,A
620_01.png,A
342_07.png,C
369_02.png,A
0090_03.png,A
0149_02.png,B
483_01.png,A
806_03.png,C
248_02.png,A
0079_03.png,C
0019_03.png,B
528_04.png,A
697_02.png,C
837_02.png,A
646_03.png,B
390_01.png,A
404_01.png,C
726_03.png,A
393_01.png,A
671_01.png,B
338_03.png,C
684_01.png,A
850_01.png,C
279_01.png,B
577_01.png,C
808_03.png,A
205_01.png,A
447_01.png,C
541_01.png,A
0168_03.png,B
843_03.png,A
340_01.png,A
0130_05.png,A
311_04.png,A
0168_01.png,A
0132_01.png,A
331_01.png,A
217_02.png,A
540_01.png,C
596_01.png,A
299_01.png,A
257_02.png,A
629_04.png,A
247_01.png,A
0057_06.png,C
247_02.png,C
0172_06.png,A
639_03.png,A
442_01.png,A
0092_06.png,A
406_02.png,C
0172_02.png,B
475_01.png,A
810_01.png,A
252_01.png,C
439_01.png,A
607_02.png,A
636_09.png,A
544_01.png,A
378_01.png,B
0068_05.png,B
269_01.png,B
272_01.png,C
748_01.png,B
732_03.png,A
414_08.png,A
554_02.png,A
852_01.png,C
0172_01.png,A
203_04.png,A
853_01.png,A
796_01.png,A
216_04.png,A
861_09.png,A
860_01.png,A
584_01.png,A
430_09.png,A
628_01.png,A
346_03.png,B
0079_01.png,A
0197_01.png,A
836_04.png,A
784_01.png,B
415_01.png,A
677_01.png,A
379_02.png,A
345_03.png,B
763_01.png,A
835_08.png,B
319_05.png,A
824_04.png,A
0112_04.png,B
649_06.png,B
263_01.png,C
0005_03.png,C
0175_01.png,B
0067_02.png,A
524_02.png,C
393_08.png,C
283_03.png,A
731_02.png,A
201_01.png,A
202_02.png,C
0190_03.png,A
0034_01.png,A
572_02.png,A
0044_02.png,C
242_01.png,C
0063_01.png,A
0151_03.png,C
766_01.png,C
639_06.png,A
0092_04.png,A
349_02.png,B
618_04.png,C
570_01.png,A
0077_01.png,A
340_04.png,C
0053_02.png,C
496_04.png,C
612_01.png,A
221_05.png,C
478_04.png,A
0176_03.png,B
630_02.png,C
621_02.png,A
632_03.png,A
746_01.png,C
705_01.png,A
0182_01.png,A
345_01.png,B
560_01.png,A
294_06.png,A
0036_02.png,C
573_01.png,C
858_07.png,B
300_06.png,B
0170_01.png,A
327_04.png,A
373_01.png,A
583_03.png,C
553_02.png,A
0108_04.png,C
0105_02.png,A
790_03.png,A
338_01.png,A
656_01.png,B
799_02.png,B
445_03.png,A
368_04.png,B
657_06.png,B
210_02.png,A
0038_03.png,C
576_01.png,A
432_03.png,B
0168_04.png,B
0090_01.png,A
507_02.png,A
0145_01.png,B
753_03.png,A
811_02.png,A
327_01.png,A
745_01.png,A
342_01.png,A
0170_04.png,C
658_06.png,B
507_05.png,C
0063_07.png,A
755_01.png,A
201_04.png,A
528_06.png,A
0131_02.png,A
214_02.png,C
499_01.png,A
0109_02.png,A
0181_01.png,A
290_01.png,A
756_02.png,A
218_01.png,A
592_01.png,C
292_01.png,A
467_02.png,A
595_02.png,C
609_01.png,B
0132_03.png,B
0046_01.png,C
543_02.png,A
516_01.png,A
530_02.png,A
0164_01.png,A
544_02.png,A
279_02.png,B
347_01.png,A
392_06.png,C
278_01.png,C
627_04.png,C
0012_02.png,C
0047_03.png,A
853_03.png,A
443_01.png,A
555_01.png,C
437_02.png,B
305_02.png,B
626_03.png,A
0011_02.png,C
377_03.png,A
0015_03.png,C
736_02.png,A
857_02.png,A
381_01.png,A
645_01.png,A
474_03.png,C
215_05.png,A
0077_02.png,A
299_02.png,C
808_04.png,A
326_01.png,A
304_02.png,A
0130_02.png,A
265_01.png,A
241_04.png,C
813_01.png,A
303_01.png,A
416_01.png,A
0148_03.png,C
559_01.png,A
0092_08.png,B
0020_01.png,C
447_02.png,A
658_02.png,A
204_04.png,B
0114_04.png,A
750_02.png,A
835_01.png,A
0168_05.png,A
421_04.png,A
0172_04.png,A
606_01.png,C
0074_05.png,C
219_01.png,A
288_02.png,A
401_01.png,A
603_02.png,A
0161_01.png,B
349_01.png,A
610_01.png,A
760_02.png,C
355_02.png,A
605_03.png,A
328_04.png,A
551_01.png,C
0080_01.png,B
374_03.png,C
623_02.png,A
701_02.png,C
0062_01.png,A
749_01.png,A
608_04.png,C
0091_01.png,A
597_02.png,B
0037_04.png,C
469_01.png,A
0181_02.png,A
0136_01.png,A
405_02.png,A
0128_01.png,A
277_01.png,B
0003_02.png,A
545_01.png,B
582_01.png,B
458_01.png,A
631_02.png,A
301_04.png,A
807_02.png,A
504_01.png,A
686_03.png,A
665_01.png,A
352_01.png,A
773_04.png,B
392_03.png,C
392_05.png,A
370_01.png,A
0143_01.png,A
0108_01.png,B
383_01.png,A
372_06.png,A
643_01.png,A
818_01.png,A
856_02.png,A
0088_03.png,B
0190_04.png,A
855_02.png,A
0063_03.png,C
406_06.png,A
430_01.png,C
0137_02.png,B
350_03.png,B
456_06.png,A
495_04.png,B
327_06.png,A
0080_03.png,A
436_06.png,A
759_01.png,A
617_04.png,C
589_02.png,B
604_03.png,A
614_02.png,C
0150_03.png,A
0071_03.png,C
293_04.png,A
0149_01.png,A
200_02.png,C
0170_02.png,C
0118_01.png,A
0173_05.png,A
315_01.png,A
572_03.png,C
221_07.png,A
0042_02.png,C
321_02.png,A
550_01.png,A
553_03.png,B
538_01.png,A
446_01.png,A
0175_04.png,B
723_01.png,A
0116_02.png,B
0167_01.png,B
590_01.png,B
0076_02.png,B
0087_02.png,A
558_02.png,B
604_04.png,C
637_01.png,A
301_05.png,A
0173_06.png,A
0159_01.png,C
0042_01.png,A
722_01.png,C
301_01.png,A
609_02.png,A
353_03.png,A
336_01.png,A
724_01.png,A
756_01.png,A
337_02.png,A
741_01.png,A
360_01.png,A
0176_04.png,A
0017_03.png,C
372_03.png,A
515_02.png,B
341_01.png,A
0014_03.png,C
684_02.png,C
554_05.png,C
0009_03.png,B
699_01.png,B
665_02.png,A
598_01.png,A
457_04.png,A
475_06.png,A
458_03.png,B
306_01.png,A
0113_02.png,A
403_01.png,A
724_03.png,A
309_02.png,A
858_08.png,A
285_01.png,A
0009_01.png,B
463_02.png,A
613_01.png,B
0142_05.png,A
516_04.png,B
361_02.png,A
258_04.png,A
524_04.png,B
0025_03.png,C
301_03.png,A
214_03.png,A
294_04.png,A
673_01.png,C
0196_01.png,A
535_03.png,A
657_04.png,C
309_04.png,B
0013_03.png,C
674_03.png,C
767_02.png,A
477_01.png,A
788_01.png,C
471_01.png,A
715_01.png,A
310_04.png,B
496_03.png,C
761_03.png,A
626_06.png,A
553_06.png,A
200_03.png,C
0192_01.png,B
232_01.png,C
0187_01.png,C
712_01.png,A
0041_01.png,B
380_02.png,C
861_04.png,A
211_04.png,A
369_03.png,A
841_02.png,A
0058_03.png,A
539_02.png,A
631_07.png,A
0008_01.png,A
392_01.png,A
318_03.png,A
675_01.png,C
698_03.png,C
257_01.png,B
499_02.png,A
0068_03.png,A
0005_06.png,A
313_04.png,A
521_01.png,C
0174_02.png,B
0125_01.png,A
294_05.png,A
0048_01.png,A
674_01.png,A
0052_04.png,B
0112_03.png,B
0065_02.png,A
735_01.png,A
769_01.png,A
489_02.png,A
381_03.png,A
0094_02.png,A
431_02.png,A
304_01.png,C
388_02.png,A
0092_09.png,B
634_04.png,A
587_02.png,C
771_01.png,A
758_03.png,A
308_01.png,A
445_02.png,A
542_01.png,A
256_01.png,A
0014_01.png,A
770_01.png,A
667_01.png,B
626_09.png,C
847_02.png,B
785_03.png,A
393_04.png,B
649_07.png,C
362_04.png,A
444_03.png,A
714_02.png,B
300_07.png,A
328_03.png,A
391_01.png,A
731_03.png,C
492_03.png,A
790_02.png,A
678_01.png,A
796_02.png,A
289_01.png,A
297_03.png,C
420_04.png,C
463_03.png,A
686_02.png,C
728_04.png,A
753_06.png,C
0152_02.png,B
0010_02.png,C
0003_01.png,A
606_02.png,A
216_02.png,A
776_01.png,A
701_03.png,A
257_05.png,A
470_01.png,A
0053_03.png,C
807_01.png,C
557_02.png,C
0163_03.png,B
498_02.png,A
811_01.png,A
0150_04.png,A
317_01.png,C
0092_01.png,A
655_03.png,A
726_01.png,A
374_01.png,B
591_01.png,A
436_03.png,A
586_02.png,A
434_05.png,C
0076_01.png,A
351_01.png,A
490_02.png,A
603_03.png,A
358_01.png,A
210_03.png,A
0139_01.png,A
310_02.png,A
350_02.png,A
716_02.png,A
827_01.png,A
331_03.png,B
323_01.png,A
834_03.png,A
858_06.png,A
0107_02.png,C
220_01.png,A
319_06.png,B
294_01.png,A
341_04.png,A
292_04.png,A
0066_03.png,A
542_02.png,A
830_01.png,B
579_01.png,A
758_02.png,B
0184_02.png,B
0063_05.png,A
736_01.png,A
237_01.png,A
611_01.png,A
0106_01.png,B
208_04.png,A
344_05.png,A
241_03.png,A
844_02.png,A
553_05.png,C
0085_01.png,B
719_02.png,A
687_03.png,C
0177_02.png,B
202_05.png,C
248_03.png,A
0051_04.png,A
210_04.png,A
830_02.png,A
214_01.png,C
724_02.png,A
287_01.png,A
533_03.png,A
776_02.png,B
603_09.png,A
0102_03.png,B
363_04.png,C
0063_02.png,A
0107_01.png,A
0164_03.png,B
628_08.png,A
450_01.png,C
496_05.png,A
468_01.png,A
603_08.png,A
617_01.png,A
556_02.png,A
443_05.png,B
508_03.png,A
0164_02.png,B
0075_03.png,B
835_10.png,A
0133_01.png,A
0054_01.png,A
427_02.png,A
816_02.png,B
839_02.png,B
661_02.png,A
0197_04.png,C
498_03.png,B
0072_02.png,B
652_02.png,A
610_04.png,C
266_02.png,C
0165_01.png,C
543_03.png,B
485_02.png,B
0119_01.png,A
257_03.png,C
238_01.png,C
434_02.png,C
496_06.png,A
286_01.png,A
0054_05.png,A
689_01.png,A
0089_01.png,A
346_04.png,A
400_01.png,A
0046_02.png,A
0063_04.png,B
650_01.png,B
434_04.png,A
0123_02.png,A
560_02.png,A
602_02.png,B
507_03.png,B
0069_02.png,A
648_08.png,A
822_01.png,A
0197_02.png,A
241_01.png,A
215_02.png,A
716_01.png,A
0009_05.png,C
410_01.png,A
758_01.png,A
0076_04.png,C
839_03.png,C
0018_02.png,A
795_01.png,A
642_01.png,B
286_02.png,A
0009_04.png,C
469_03.png,A
0121_01.png,A
493_01.png,A
777_02.png,A
362_02.png,A
0068_04.png,A
593_02.png,C
525_01.png,A
0014_05.png,C
464_01.png,A
513_03.png,A
680_02.png,A
0079_02.png,B
253_01.png,C
492_02.png,A
0155_02.png,A
0067_01.png,C
642_02.png,A
502_01.png,A
0015_01.png,B
386_01.png,B
631_01.png,B
688_01.png,A
0079_04.png,B
607_06.png,A
0130_08.png,C
0155_01.png,A
648_01.png,B
848_01.png,A
442_04.png,A
608_01.png,A
0190_02.png,C
572_01.png,A
0049_05.png,A
421_03.png,A
0173_04.png,A
439_03.png,C
295_01.png,A
254_01.png,C
211_01.png,A
657_01.png,A
0065_04.png,A
710_01.png,A
390_04.png,B
554_04.png,B
0069_01.png,A
208_03.png,A
648_09.png,A
660_02.png,C
204_01.png,A
300_03.png,A
781_02.png,A
748_03.png,A
202_03.png,C
603_04.png,A
258_03.png,A
0005_01.png,A
832_01.png,B
485_01.png,A
353_02.png,A
357_02.png,A
283_04.png,A
649_02.png,A
0116_03.png,A
357_01.png,A
608_02.png,A
842_01.png,A
0002_02.png,C
353_04.png,A
256_03.png,A
610_05.png,A
653_01.png,A
507_01.png,B
707_01.png,A
625_03.png,A
676_01.png,A
664_01.png,A
763_03.png,B
767_03.png,A
706_01.png,B
0046_06.png,A
237_02.png,A
759_04.png,A
0194_01.png,A
300_05.png,A
458_04.png,B
433_01.png,A
255_01.png,C
571_01.png,A
762_01.png,A
325_01.png,A
496_02.png,C
0100_01.png,A
258_01.png,A
215_04.png,A
658_01.png,A
0019_04.png,B
708_01.png,A
353_05.png,A
336_02.png,A
698_02.png,A
802_02.png,A
0046_04.png,A
0176_02.png,B
496_07.png,A
858_03.png,A
710_03.png,B
859_02.png,A
0113_01.png,A
0102_01.png,B
217_01.png,A
583_02.png,A
520_02.png,C
0135_03.png,A
634_05.png,A
433_04.png,A
834_01.png,A
400_03.png,A
392_04.png,A
439_04.png,C
355_01.png,A
0059_02.png,B
291_01.png,A
346_02.png,A
459_03.png,A
350_06.png,A
393_07.png,A
625_02.png,B
497_01.png,A
479_02.png,A
509_01.png,B
602_04.png,B
0147_01.png,A
805_03.png,C
396_01.png,A
588_11.png,A
0191_01.png,C
414_05.png,A
563_01.png,A
368_03.png,A
0189_02.png,C
861_02.png,A
0197_03.png,C
0074_04.png,A
352_04.png,A
614_03.png,C
0046_03.png,C
564_01.png,A
839_04.png,B
814_01.png,B
303_02.png,A
207_02.png,C
648_07.png,A
414_03.png,A
240_01.png,A
601_01.png,C
550_03.png,A
255_02.png,C
383_03.png,A
384_05.png,A
430_08.png,A
696_02.png,A
457_01.png,A
0014_04.png,C
474_05.png,B
543_01.png,A
615_02.png,A
845_02.png,A
714_01.png,A
390_03.png,B
327_03.png,A
687_01.png,A
691_01.png,A
241_02.png,C
775_03.png,A
834_02.png,A
0110_01.png,A
478_03.png,A
0045_01.png,B
0154_01.png,A
0151_01.png,A
347_02.png,A
250_01.png,C
589_04.png,A
0101_03.png,A
0085_02.png,A
649_01.png,A
0148_02.png,A
0177_03.png,A
201_02.png,A
0049_03.png,A
315_02.png,C
599_02.png,A
548_01.png,A
670_01.png,A
654_01.png,B
411_01.png,A
685_01.png,B
211_02.png,B
647_01.png,A
0054_03.png,A
275_03.png,A
652_04.png,A
728_02.png,C
861_01.png,A
426_01.png,A
861_05.png,A
636_01.png,A
648_04.png,A
515_03.png,A
321_03.png,A
0100_03.png,B
0130_03.png,C
0007_01.png,A
0106_02.png,A
337_01.png,A
657_03.png,C
497_04.png,B
529_05.png,C
368_02.png,A
0001_02.png,C
236_01.png,A
487_01.png,A
260_02.png,B
0169_02.png,B
319_03.png,C
606_03.png,A
0181_03.png,A
633_02.png,C
0059_03.png,B
0003_03.png,A
692_02.png,C
0037_01.png,A
301_06.png,A
748_02.png,A
516_03.png,A
801_02.png,A
533_01.png,A
646_04.png,A
648_03.png,B
330_01.png,A
0177_01.png,A
614_01.png,C
0092_10.png,A
303_03.png,B
508_04.png,B
693_02.png,C
619_02.png,A
0055_01.png,A
0126_08.png,A
0039_03.png,C
640_04.png,A
0126_03.png,A
343_02.png,A
385_01.png,C
523_03.png,C
243_01.png,A
0066_04.png,A
854_02.png,A
0110_04.png,A
0004_02.png,A
475_07.png,A
602_03.png,A
303_04.png,A
0049_01.png,B
405_04.png,A
624_03.png,B
0091_02.png,C
356_01.png,A
657_02.png,A
0174_03.png,B
408_01.png,A
473_01.png,B
0109_01.png,A
297_05.png,A
0011_01.png,B
566_03.png,C
314_01.png,A
0101_02.png,A
0114_03.png,A
775_02.png,A
0023_04.png,B
660_03.png,C
359_01.png,A
588_03.png,A
298_03.png,C
414_02.png,A
0116_05.png,C
221_09.png,A
0098_01.png,A
0032_01.png,C
547_05.png,A
297_04.png,C
531_02.png,A
528_03.png,A
634_01.png,A
753_05.png,A
0126_09.png,A
531_01.png,A
686_01.png,A
0010_03.png,C
406_01.png,A
503_01.png,C
528_05.png,B
459_02.png,C
710_02.png,A
792_03.png,C
436_08.png,B
850_02.png,C
480_01.png,A
728_03.png,A
313_02.png,C
339_01.png,A
646_02.png,A
743_02.png,A
291_02.png,B
431_03.png,C
0135_05.png,B
0094_03.png,B
211_03.png,B
270_01.png,C
761_01.png,A
0057_05.png,A
275_01.png,A
0005_02.png,B
342_02.png,C
648_05.png,A
282_02.png,C
280_01.png,B
372_04.png,A
648_02.png,A
588_09.png,B
833_02.png,A
556_01.png,A
327_02.png,B
749_02.png,A
233_01.png,C
247_04.png,A
739_01.png,A
787_01.png,C
704_01.png,A
521_02.png,A
258_02.png,A
512_02.png,A
0105_03.png,A
498_01.png,A
324_02.png,B
0016_01.png,B
684_03.png,C
0001_01.png,C
371_01.png,A
501_06.png,A
832_02.png,A
340_03.png,A
484_01.png,A
700_01.png,C
0146_01.png,B
327_05.png,B
624_02.png,A
0174_01.png,A
326_03.png,A
798_01.png,A
245_01.png,C
296_01.png,A
282_01.png,C
0095_01.png,B
595_01.png,C
0044_01.png,C
276_04.png,C
456_01.png,A
858_10.png,A
0175_03.png,B
0092_05.png,A
737_01.png,C
634_03.png,C
664_02.png,C
588_02.png,A
823_02.png,A
566_02.png,C
0029_02.png,C
439_05.png,C
369_05.png,A
456_02.png,C
300_02.png,A
717_01.png,C
610_03.png,B
350_05.png,A
806_02.png,C
0146_02.png,A
448_01.png,C
399_04.png,B
681_01.png,A
607_08.png,A
411_04.png,A
0131_03.png,B
312_01.png,C
199_01.png,A
387_01.png,A
743_01.png,A
0037_02.png,C
616_04.png,C
215_03.png,A
284_02.png,A
628_02.png,A
0030_01.png,C
593_03.png,A
541_03.png,C
747_01.png,B
468_03.png,B
666_03.png,B
344_01.png,A
858_05.png,A
753_01.png,A
363_03.png,A
0059_01.png,A
266_03.png,A
608_03.png,A
0134_01.png,A
474_01.png,A
840_01.png,A
658_03.png,B
384_04.png,A
341_02.png,B
514_01.png,A
430_05.png,A
0028_01.png,C
429_01.png,A
0143_02.png,A
420_03.png,A
733_01.png,C
275_04.png,A
266_01.png,A
666_05.png,A
574_01.png,C
794_01.png,A
0133_02.png,C
397_01.png,A
216_01.png,A
0099_01.png,A
419_01.png,A
849_02.png,A
342_06.png,A
654_03.png,C
334_02.png,A
401_02.png,A
269_02.png,B
512_01.png,A
273_01.png,C
632_01.png,A
205_02.png,C
839_01.png,A
603_07.png,A
812_01.png,A
466_02.png,B
409_06.png,A
641_01.png,A
420_01.png,A
268_03.png,C
210_01.png,A
414_09.png,A
0036_04.png,B
0168_06.png,A
257_04.png,C
412_03.png,A
0069_03.png,A
452_01.png,A
443_04.png,A
0006_01.png,C
724_04.png,A
328_02.png,A
488_02.png,A
861_08.png,C
0067_03.png,C
0031_02.png,C
0023_03.png,B
0007_02.png,B
777_01.png,C
682_01.png,C
408_02.png,C
552_01.png,A
488_01.png,A
720_01.png,A
0050_01.png,A
0153_03.png,C
456_03.png,A
240_03.png,A
0146_04.png,A
384_03.png,C
310_01.png,B
466_01.png,A
479_01.png,A
636_06.png,A
835_04.png,A
444_01.png,C
459_01.png,C
0066_05.png,A
783_01.png,A
578_01.png,A
630_04.png,A
434_06.png,C
418_01.png,A
821_03.png,A
0062_02.png,C
831_01.png,B
212_03.png,C
0163_02.png,A
662_01.png,C
656_02.png,A
666_02.png,A
286_04.png,B
734_01.png,A
535_02.png,A
811_03.png,C
782_02.png,A
393_11.png,B
486_01.png,A
276_03.png,A
501_07.png,A
381_02.png,A
383_02.png,C
256_04.png,A
0144_01.png,A
369_01.png,A
660_01.png,A
588_08.png,C
0186_02.png,A
354_01.png,A
401_04.png,A
633_01.png,A
455_01.png,C
0182_02.png,B
591_03.png,A
803_01.png,A
340_02.png,C
259_01.png,C
0011_03.png,A
513_01.png,A
432_02.png,A
527_01.png,A
0009_02.png,A
0105_06.png,A
430_03.png,C
605_04.png,A
0190_01.png,A
323_02.png,A
441_01.png,C
0139_03.png,A
537_01.png,A
616_01.png,A
307_01.png,A
453_01.png,A
285_02.png,A
585_01.png,A
420_05.png,A
836_02.png,A
276_01.png,A
530_01.png,B
474_04.png,A
533_02.png,B
501_05.png,A
812_02.png,A
300_04.png,A
0148_04.png,A
757_01.png,A
856_03.png,A
293_01.png,A
658_04.png,A
742_01.png,A
631_05.png,A
600_03.png,B
752_02.png,A
274_01.png,A
474_02.png,A
0169_05.png,A
497_03.png,A
0047_02.png,C
401_05.png,A
649_05.png,A
0081_02.png,A
591_04.png,A
437_03.png,C
275_06.png,B
0087_01.png,A
292_02.png,C
407_03.png,C
293_06.png,B
297_02.png,A
558_01.png,A
690_01.png,A
0019_02.png,A
423_01.png,A
624_01.png,A
506_01.png,A
846_01.png,A
306_03.png,A
493_02.png,C
639_04.png,A
0019_01.png,C
858_04.png,A
0038_02.png,C
0083_04.png,C
483_02.png,A
707_02.png,A
0037_03.png,C
202_04.png,C
294_07.png,B
395_02.png,A
608_05.png,A
599_04.png,A
463_01.png,A
420_06.png,A
781_01.png,A
232_02.png,C
578_02.png,B
350_04.png,B
639_07.png,A
0166_01.png,A
317_02.png,C
436_02.png,A
462_02.png,A
616_02.png,C
262_01.png,A
590_04.png,A
372_05.png,A
212_04.png,A
0105_07.png,A
0140_01.png,A
358_02.png,A
0036_03.png,C
244_01.png,A
0189_01.png,B
663_01.png,A
366_01.png,A
0145_02.png,A
384_02.png,A
523_02.png,A
751_03.png,A
836_05.png,A
354_03.png,A
221_08.png,A
706_02.png,B
0057_04.png,C
271_01.png,A
773_03.png,A
324_06.png,A
475_05.png,A
461_01.png,C
637_03.png,A
0151_02.png,B
838_01.png,A
0126_07.png,A
435_01.png,A
377_04.png,C
647_03.png,C
405_01.png,A
629_05.png,A
861_03.png,A
797_01.png,A
0097_02.png,A
568_01.png,A
0104_01.png,A
0035_01.png,A
472_01.png,A
841_01.png,B
765_01.png,A
0018_01.png,C
626_04.png,A
662_02.png,B
0182_03.png,A
240_02.png,A
201_05.png,A
657_05.png,A
715_02.png,B
0180_02.png,A
276_02.png,A
511_01.png,A
440_01.png,A
858_02.png,A
202_07.png,A
0042_05.png,A
0004_01.png,A
341_03.png,C
535_01.png,A
626_08.png,A
395_01.png,A
0149_03.png,C
431_05.png,A
0141_01.png,B
490_01.png,A
267_01.png,C
759_02.png,A
593_01.png,A
434_01.png,C
721_03.png,A
237_06.png,A
841_03.png,B
0183_01.png,A
344_02.png,B
476_01.png,A
221_02.png,C
0190_07.png,A
430_02.png,A
442_03.png,C
390_02.png,A
207_01.png,C
0116_01.png,A
648_06.png,A
693_01.png,A
425_01.png,A
456_07.png,A
618_01.png,C
456_04.png,A
651_01.png,A
338_02.png,B
204_06.png,A
842_03.png,B
216_03.png,A
0150_01.png,A
220_02.png,A
343_01.png,A
600_02.png,A
603_01.png,C
250_02.png,B
638_01.png,A
846_04.png,A
0031_01.png,B
623_01.png,A
417_01.png,A
343_03.png,A
680_01.png,A
738_01.png,A
0039_01.png,A
247_03.png,C
0005_04.png,A
588_01.png,A
0190_08.png,A
0150_02.png,A
377_02.png,A
821_01.png,A
310_03.png,A
678_02.png,B
603_05.png,A
820_01.png,B
204_05.png,A
0194_03.png,A
604_01.png,A
636_03.png,C
713_02.png,B
0081_01.png,B
359_02.png,A
342_04.png,C
0124_01.png,A
516_02.png,A
0054_02.png,A
383_04.png,A
268_01.png,C
0023_01.png,A
0171_02.png,C
0126_01.png,A
497_02.png,A
600_04.png,C
0104_03.png,B
0187_02.png,A
775_01.png,A
731_01.png,B
311_01.png,A
520_01.png,A
0114_02.png,A
0160_01.png,C
640_01.png,A
628_05.png,A
628_06.png,A
0156_01.png,A
631_06.png,A
541_02.png,B
631_03.png,A
0184_01.png,A
271_02.png,A
842_02.png,A
294_03.png,A
0073_01.png,C
328_01.png,A
522_01.png,C
477_03.png,C
249_01.png,C
208_05.png,A
0097_01.png,B
203_02.png,A
826_01.png,A
0190_05.png,A
741_02.png,B
414_07.png,A
0130_06.png,A
208_01.png,A
0114_01.png,A
589_03.png,A
0101_04.png,A
621_01.png,A
371_03.png,A
293_02.png,A
436_04.png,A
489_03.png,A
0004_03.png,A
424_01.png,A
0046_05.png,B
495_03.png,A
0132_02.png,C
810_02.png,A
809_01.png,A
525_02.png,A
0064_01.png,A
355_03.png,A
845_01.png,A
0024_01.png,B
0105_04.png,A
561_01.png,A
297_01.png,A
213_01.png,B
772_02.png,A
422_01.png,C
0135_02.png,A
0179_02.png,A
0024_02.png,B
0010_01.png,C
0008_02.png,C
361_03.png,B
833_01.png,C
772_03.png,A
0051_01.png,A
637_04.png,C
799_01.png,A
775_04.png,A
646_05.png,A
211_06.png,A
636_08.png,A
0017_02.png,C
0170_03.png,C
598_02.png,B
539_01.png,A
209_02.png,C
0139_02.png,B
626_05.png,C
610_02.png,B
0175_02.png,C
436_05.png,A
420_07.png,A
389_01.png,A
436_07.png,A
631_04.png,A
430_06.png,A
475_04.png,C
501_04.png,C
0147_03.png,A
352_03.png,A
559_02.png,A
0136_02.png,B
264_01.png,C
642_04.png,A
0075_02.png,C
823_01.png,A
824_01.png,A
0015_04.png,C
513_02.png,A
627_01.png,C
697_01.png,A
547_04.png,A
0085_04.png,A
0169_03.png,A
294_08.png,A
649_03.png,A
501_01.png,A
201_06.png,A
0158_01.png,A
206_02.png,B
835_06.png,A
504_02.png,B
588_10.png,A
454_01.png,A
0058_05.png,A
528_01.png,A
810_03.png,A
0126_10.png,C
808_01.png,A
0071_02.png,A
0029_01.png,C
0005_08.png,A
823_03.png,A
798_02.png,A
206_01.png,B
557_01.png,C
215_01.png,A
711_01.png,A
434_03.png,A
721_01.png,A
0092_03.png,A
0051_05.png,A
411_02.png,B
566_01.png,A
622_01.png,A
202_01.png,A
433_03.png,A
329_04.png,B
730_02.png,B
465_02.png,A
275_07.png,A
750_01.png,A
861_07.png,C
0151_04.png,B
364_01.png,A
0071_01.png,A
218_02.png,A
372_02.png,C
409_01.png,A
754_02.png,A
261_04.png,B
643_02.png,A
649_04.png,A
433_02.png,A
0025_05.png,A
751_02.png,A
837_01.png,A
0120_01.png,B
203_03.png,A
588_07.png,A
0005_05.png,A
547_02.png,B
283_05.png,A
0001_03.png,A
631_09.png,A
212_06.png,A
471_02.png,A
218_03.png,A
463_05.png,A
781_03.png,A
0091_03.png,B
640_02.png,A
729_01.png,A
348_01.png,A
0039_02.png,B
715_03.png,A
0190_06.png,A
232_03.png,A
305_01.png,A
0129_01.png,C
477_02.png,C
494_02.png,A
617_02.png,C
0169_04.png,A
0156_03.png,A
352_02.png,C
848_03.png,A
0051_03.png,C
0126_02.png,A
334_01.png,A
0137_01.png,A
332_01.png,C
639_02.png,B
615_03.png,C
200_01.png,C
0088_01.png,A
268_04.png,A
246_01.png,A
607_10.png,A
811_04.png,A
628_07.png,C
481_01.png,A
375_01.png,A
212_07.png,A
802_01.png,A
843_02.png,B
627_02.png,A
369_04.png,A
517_02.png,A
388_03.png,A
753_02.png,A
469_02.png,B
458_02.png,A
860_02.png,A
0153_01.png,A
221_06.png,A
554_01.png,A
0065_03.png,C
800_02.png,C
847_01.png,A
0123_03.png,A
644_02.png,A
242_02.png,A
0014_02.png,C
437_01.png,A
306_02.png,C
414_10.png,A
366_02.png,A
399_01.png,A
0126_05.png,A
218_04.png,A
0162_01.png,A
752_01.png,B
0093_02.png,A
0172_05.png,A
221_04.png,C
558_04.png,B
580_01.png,A
805_01.png,A
311_02.png,A
0072_01.png,B
347_04.png,A
444_04.png,A
456_05.png,A
201_03.png,A
442_02.png,A
532_02.png,B
421_05.png,A
502_02.png,A
0195_02.png,B
0033_01.png,C
0173_03.png,A
793_01.png,A
0088_02.png,B
800_01.png,A
0103_01.png,A
564_02.png,B
344_04.png,A
0119_02.png,A
520_04.png,A
689_02.png,A
611_02.png,B
234_02.png,A
0015_02.png,C
790_01.png,A
587_01.png,C
354_04.png,C
462_01.png,C
728_01.png,A
291_03.png,C
329_01.png,A
345_02.png,A
0168_02.png,A
844_01.png,A
0112_02.png,B
361_01.png,A
0053_01.png,C
0172_03.png,A
330_02.png,A
446_02.png,A
835_07.png,A
615_01.png,A
391_02.png,A
376_01.png,A
399_03.png,C
601_02.png,C
607_04.png,A
529_04.png,A
586_01.png,C
444_02.png,A
393_06.png,A
301_02.png,A
210_05.png,A
554_03.png,A
0130_01.png,A
599_01.png,C
283_01.png,A
709_02.png,A
0066_02.png,A
208_06.png,A
467_03.png,A
859_01.png,C
773_01.png,A
333_04.png,A
607_07.png,B
322_01.png,C
668_01.png,A
821_02.png,A
0047_04.png,A
562_01.png,A
489_01.png,A
0017_01.png,C
366_04.png,B
256_02.png,A
432_01.png,A
760_01.png,B
0038_01.png,C
526_01.png,A
0012_03.png,B
273_03.png,A
0108_02.png,B
0070_01.png,A
399_02.png,A
0052_02.png,B
781_04.png,B
412_02.png,A
208_02.png,C
260_01.png,A
548_02.png,C
625_01.png,A
0036_05.png,A
642_03.png,A
759_03.png,A
628_03.png,B
636_07.png,A
202_06.png,C
558_03.png,C
0136_03.png,B
318_02.png,A
0067_04.png,C
491_01.png,A
0031_03.png,C
851_02.png,A
636_04.png,A
342_03.png,A
589_01.png,C
484_02.png,A
211_05.png,A
409_02.png,A
599_03.png,B
438_03.png,A
635_03.png,B
687_02.png,C
856_04.png,A
508_02.png,B
330_03.png,A
712_02.png,A
483_04.png,A
841_04.png,B
437_04.png,A
321_04.png,A
392_02.png,A
241_05.png,A
631_08.png,B
407_02.png,A
768_01.png,C
0195_04.png,A
575_01.png,A
470_02.png,C
0108_05.png,A
529_02.png,A
603_06.png,A
495_02.png,A
268_02.png,B
0021_01.png,C
495_01.png,A
666_01.png,B
659_01.png,C
302_03.png,B
667_02.png,A
0157_02.png,A
393_09.png,A
412_04.png,A
324_01.png,A
718_01.png,C
629_01.png,A
352_05.png,B
428_01.png,A
380_01.png,A
0093_01.png,A
518_01.png,A
740_01.png,A
237_04.png,B
858_01.png,A
443_03.png,A
0175_05.png,B
669_01.png,B
646_01.png,A
251_01.png,B
574_02.png,C
202_08.png,A
618_03.png,C
0194_02.png,A
0086_01.png,B
467_04.png,A
581_02.png,B
0169_06.png,B
857_01.png,A
0071_04.png,C
393_02.png,C
405_05.png,A
632_02.png,B
668_02.png,A
644_01.png,A
261_02.png,C
212_01.png,C
0074_01.png,A
0058_01.png,A
0131_01.png,B
694_01.png,A
0075_01.png,A
851_01.png,B
635_02.png,A
517_01.png,A
0130_07.png,B
468_02.png,A
421_06.png,A
732_02.png,A
457_02.png,A
482_01.png,C
200_05.png,C
619_01.png,A
0054_04.png,A
341_05.png,B
861_06.png,A
636_05.png,A
414_06.png,A
0110_02.png,A
0049_04.png,A
309_03.png,A
661_01.png,A
319_02.png,C
835_03.png,A
0169_01.png,B
519_01.png,A
666_06.png,A
0110_03.png,A
523_01.png,B
333_01.png,B
617_03.png,A
439_02.png,A
363_05.png,A
588_04.png,B
407_01.png,A
0102_02.png,B
679_01.png,A
354_02.png,A
0066_01.png,A
460_02.png,A
547_03.png,A
817_01.png,A
325_03.png,C
281_01.png,C
528_02.png,A
369_06.png,C
701_01.png,A
629_02.png,C
0013_02.png,C
385_02.png,C
683_01.png,C
782_01.png,A
221_01.png,C
0057_01.png,A
331_02.png,A
559_03.png,A
785_02.png,B
0193_01.png,A
846_02.png,A
237_03.png,A
0195_03.png,C
457_03.png,A
695_01.png,C
672_02.png,C
721_02.png,A
412_01.png,A
501_02.png,A
0057_02.png,A
0042_03.png,C
0081_03.png,A
806_01.png,C
0051_02.png,C
524_03.png,B
843_01.png,A
639_05.png,A
440_02.png,A
0147_04.png,A
0052_01.png,A
353_01.png,A
825_01.png,A
213_02.png,C
500_01.png,A
761_02.png,A
374_02.png,C
678_03.png,A
0061_01.png,A
778_01.png,A
0104_02.png,A
366_03.png,B
338_04.png,B
298_01.png,A
405_03.png,A
371_02.png,A
0126_04.png,B
565_01.png,C
324_04.png,A
273_04.png,C
388_01.png,A
520_03.png,A
438_02.png,A
781_05.png,A
0086_02.png,A
696_01.png,A
605_01.png,A
235_01.png,A
726_02.png,A
0183_02.png,C
824_05.png,A
607_05.png,B
463_04.png,B
639_01.png,C
791_01.png,A
0056_01.png,A
275_05.png,A
713_01.png,A
571_03.png,A
590_03.png,A
836_03.png,B
363_01.png,A
698_01.png,A
739_02.png,B
848_02.png,A
676_02.png,C
630_01.png,A
627_03.png,A
716_03.png,A
843_04.png,A
505_01.png,B
302_01.png,A
273_02.png,A
479_03.png,A
607_01.png,B
414_01.png,A
590_02.png,C
0173_02.png,C
666_04.png,A
0146_03.png,A
409_04.png,A
0034_02.png,A
411_03.png,C
0192_02.png,C
363_02.png,A
808_05.png,A
808_02.png,A
588_05.png,A
824_03.png,A
732_04.png,A
828_01.png,A
0049_02.png,C
626_07.png,A
535_04.png,A
350_01.png,A
0156_02.png,A
436_01.png,B
742_02.png,A
658_05.png,A
0123_01.png,A
0042_06.png,A
335_01.png,A
838_02.png,A
730_01.png,B
764_01.png,C
430_07.png,A
318_01.png,A
324_05.png,A
0188_01.png,A
550_02.png,C
703_01.png,A
344_03.png,A
691_02.png,A
507_04.png,C
605_02.png,A
826_02.png,A
767_01.png,A
203_01.png,C
710_06.png,A
316_01.png,A
567_01.png,A
292_03.png,B
0152_01.png,A
393_03.png,C
0195_01.png,A
647_02.png,A
815_02.png,A
622_02.png,C
0171_01.png,A
0142_03.png,A
630_03.png,A
0185_01.png,A
0036_01.png,A
828_02.png,A
351_03.png,A
311_03.png,B
237_05.png,A
287_03.png,A
0038_04.png,C
0094_01.png,A
367_01.png,A
293_03.png,A
288_01.png,A
389_02.png,B
342_08.png,A
0135_04.png,A
674_02.png,A
439_06.png,A
372_01.png,A
805_02.png,A
0042_04.png,C
658_08.png,A
602_01.png,A
0060_01.png,A
0074_02.png,A
0142_04.png,A
626_01.png,C
510_02.png,A
438_01.png,A
347_03.png,A
853_02.png,A
546_02.png,A
409_03.png,A
0078_01.png,A
789_01.png,C
431_01.png,A
855_01.png,A
413_01.png,A
524_01.png,C
0180_01.png,A
0043_01.png,C
785_01.png,A
483_03.png,A
333_03.png,B
767_04.png,A
753_04.png,A
0025_01.png,C
601_04.png,A
379_01.png,C
0173_01.png,A
419_02.png,A
0072_03.png,C
553_01.png,A
321_01.png,A
563_02.png,A
0105_01.png,A
0115_01.png,A
363_06.png,B
434_08.png,A
604_02.png,A
615_04.png,A
329_02.png,A
0108_03.png,A
198_01.png,A
384_01.png,A
0162_02.png,A
221_03.png,C
640_03.png,A
835_05.png,A
779_01.png,A
0020_02.png,B
0092_07.png,A
547_06.png,A
0156_04.png,A
0085_03.png,A
0026_01.png,C
340_05.png,A
235_02.png,A
402_01.png,A
282_03.png,C
0142_02.png,B
382_01.png,A
478_02.png,A
365_01.png,A
298_02.png,A
0100_02.png,A
0012_01.png,C
501_03.png,A
710_04.png,A
569_01.png,C
204_02.png,A
319_01.png,B
547_01.png,A
402_02.png,A
692_01.png,A
320_01.png,A
695_02.png,A
475_03.png,A
421_01.png,A
846_03.png,C
600_01.png,C
774_01.png,B
475_02.png,A
362_01.png,A
0072_04.png,A
284_01.png,A
261_03.png,B
0002_01.png,C
780_01.png,A
0112_01.png,A
835_02.png,A
813_02.png,B
393_10.png,A
0157_01.png,A
690_02.png,A
824_02.png,A
210_06.png,A
626_02.png,C
393_05.png,A
0160_02.png,C
368_01.png,A
294_02.png,A
571_02.png,C
0130_04.png,C
244_02.png,B
792_02.png,C
0148_01.png,A
368_05.png,A
478_01.png,A
529_03.png,A
525_03.png,A
0076_03.png,C
815_01.png,A
0166_02.png,A
628_04.png,C
508_05.png,A
655_02.png,B
594_01.png,A
209_01.png,A
496_01.png,B
370_02.png,C
0013_01.png,C
515_01.png,A
618_02.png,A
331_04.png,A
0068_02.png,B
506_02.png,A
754_01.png,A
323_03.png,B
445_01.png,B
377_01.png,A
581_01.png,A
607_03.png,C
431_04.png,C
0135_01.png,A
300_01.png,A
0068_01.png,A
0194_05.png,A
434_07.png,C
0130_09.png,C
432_04.png,C
0142_01.png,B
0063_06.png,C
510_01.png,B
421_07.png,A
583_01.png,B
212_02.png,A
398_01.png,B
588_06.png,B
0047_01.png,C
420_02.png,A
0083_01.png,B
490_03.png,A
0117_01.png,A
677_02.png,C
200_04.png,A
0105_05.png,B
629_09.png,B
0058_04.png,A
816_01.png,B
536_01.png,A
0195_05.png,B
652_01.png,A
342_05.png,C
394_01.png,A
629_07.png,B
0095_02.png,B
549_01.png,A
406_04.png,A
727_01.png,B
801_01.png,A
261_01.png,C
0178_01.png,B
751_01.png,A
0147_02.png,A
773_02.png,B
0111_01.png,A
546_01.png,A
346_01.png,A
309_01.png,A
414_04.png,A
629_06.png,A
654_02.png,C
260_03.png,B
792_01.png,B
301_07.png,B
323_04.png,A
658_07.png,A
421_02.png,A
0182_04.png,A
564_03.png,B
400_02.png,A
532_01.png,A
757_02.png,C
392_07.png,A
451_01.png,C
717_02.png,C
0033_02.png,B
449_01.png,C
302_04.png,A
704_02.png,A
325_02.png,C
0122_01.png,A
849_01.png,A
0082_01.png,A
204_03.png,A
0040_01.png,B
819_01.png,B
725_01.png,A
406_03.png,C
354_05.png,C
283_02.png,A
270_02.png,C
362_03.png,A
430_04.png,C
212_05.png,A
401_03.png,A
534_01.png,A
331_05.png,A
836_01.png,B
635_01.png,A
591_02.png,C
778_02.png,A
313_01.png,A
0065_01.png,A
601_03.png,A
234_01.png,C
726_04.png,C
634_02.png,A
0083_02.png,B
286_03.png,A
333_05.png,A
333_02.png,B
467_01.png,A
0101_01.png,A
